City,Cloudiness,Country,Date,Humidity,Lat,Lng,Max Temp,Wind Speed
busselton,0,AU,1573103475,27,-33.64,115.35,80.01,14.92
georgetown,40,GY,1573103243,100,6.8,-58.16,75.2,2.24
alihe,82,CN,1573103520,42,50.57,123.73,24.37,8.01
jamestown,14,AU,1573103521,36,-33.21,138.6,68.9,17.74
ushuaia,90,AR,1573103521,100,-54.81,-68.31,33.8,26.4
svarstad,98,NO,1573103521,92,59.4,9.97,26.01,10.29
mahebourg,40,MU,1573103521,73,-20.41,57.7,79.0,12.75
northam,3,AU,1573103522,28,-31.65,116.67,80.6,6.93
castro,98,CL,1573103522,95,-42.48,-73.76,34.03,1.07
yuzhnyy,69,RU,1573103522,83,53.54,39.45,46.9,11.41
itoman,75,JP,1573103523,78,26.12,127.67,75.2,19.46
te anau,59,NZ,1573103477,78,-45.41,167.72,54.72,6.2
atuona,90,PF,1573103476,78,-9.8,-139.03,80.02,16.82
trinidad,90,BO,1573103523,82,-14.83,-64.9,75.25,1.54
khatanga,33,RU,1573103523,83,71.98,102.47,-8.72,9.66
salinopolis,0,BR,1573103524,79,-0.61,-47.36,81.68,14.52
pavlodar,90,KZ,1573103524,88,52.28,76.96,35.6,13.42
albany,90,US,1573103388,59,42.65,-73.75,41.0,4.41
new norfolk,75,AU,1573103524,62,-42.78,147.06,51.8,24.16
alice springs,0,AU,1573103525,6,-23.7,133.88,93.2,8.05
skjervoy,0,NO,1573103525,69,70.03,20.97,27.95,17.47
punta arenas,40,CL,1573103525,80,-53.16,-70.91,35.6,31.09
boddam,98,GB,1573103526,86,57.47,-1.78,41.0,10.29
qaanaaq,10,GL,1573103526,57,77.48,-69.36,0.01,5.77
antofagasta,90,CL,1573103526,82,-23.65,-70.4,59.0,6.93
sterling,1,US,1573103517,65,39.0,-77.4,48.99,5.82
pachino,100,IT,1573103527,93,36.72,15.09,57.99,4.7
lompoc,75,US,1573103527,87,34.64,-120.46,60.8,8.05
pitogo,14,PH,1573103528,76,13.79,122.09,84.45,11.03
ilulissat,80,GL,1573103528,62,69.22,-51.1,21.2,2.24
muhos,90,FI,1573103528,92,64.81,26.0,6.8,4.7
xichang,84,CN,1573103528,65,27.88,102.25,54.39,6.76
pisco,75,PE,1573103529,82,-13.71,-76.2,62.6,3.36
baykit,100,RU,1573103529,92,61.68,96.39,17.33,1.97
hermanus,99,ZA,1573103529,89,-34.42,19.24,55.99,7.0
bathsheba,40,BB,1573103529,69,13.22,-59.52,82.4,25.28
copiapo,0,CL,1573103530,82,-27.37,-70.33,55.4,5.82
cape town,75,ZA,1573103365,71,-33.93,18.42,61.0,9.17
butaritari,84,KI,1573103530,76,3.07,172.79,84.72,13.58
mogadishu,20,SO,1573103530,74,2.04,45.34,78.8,4.7
torbay,20,CA,1573103530,64,47.66,-52.73,41.0,24.16
aitape,99,PG,1573103531,72,-3.15,142.36,83.57,7.9
bredasdorp,42,ZA,1573103474,66,-34.53,20.04,55.99,10.29
rikitea,31,PF,1573103475,82,-23.12,-134.97,76.73,5.57
ostrovnoy,92,RU,1573103531,89,68.05,39.51,18.07,4.47
mar del plata,0,AR,1573103468,34,-46.43,-67.52,47.25,27.42
druzhba,83,UA,1573103532,90,52.05,33.94,43.39,5.73
kavaratti,44,IN,1573103533,73,10.57,72.64,82.18,9.26
kodiak,90,US,1573103533,69,39.95,-94.76,35.01,18.34
novyy urengoy,100,RU,1573103534,93,66.08,76.63,10.98,4.36
vaini,21,IN,1573103535,73,15.34,74.49,77.0,3.36
port alfred,98,ZA,1573103535,87,-33.59,26.89,62.01,5.99
port elizabeth,0,US,1573103535,70,39.31,-74.98,45.0,4.7
baghdad,0,IQ,1573103536,62,33.3,44.38,59.0,3.36
kapaa,40,US,1573103536,74,22.08,-159.32,82.4,14.99
bud,61,NO,1573103536,79,62.91,6.91,28.4,9.17
aklavik,90,CA,1573103537,61,68.22,-135.01,15.8,4.7
trairi,77,BR,1573103327,79,-3.28,-39.27,75.99,7.65
saint-philippe,90,CA,1573103476,80,45.36,-73.48,37.0,12.75
aberystwyth,94,GB,1573103537,95,52.41,-4.08,41.0,4.0
amapa,40,HN,1573103538,83,15.09,-87.97,78.8,5.82
port lincoln,98,AU,1573103538,69,-34.72,135.86,60.04,22.97
puerto ayora,5,EC,1573103538,92,-0.74,-90.35,69.01,4.0
saskylakh,0,RU,1573103478,97,71.97,114.09,-23.5,5.17
tasiilaq,100,GL,1573103538,68,65.61,-37.64,24.8,3.36
nanortalik,100,GL,1573103539,68,60.14,-45.24,34.45,30.82
hay river,75,CA,1573103539,72,60.82,-115.79,12.2,8.05
bluff,0,AU,1573103539,15,-23.58,149.07,91.4,4.52
hilo,90,US,1573103343,78,19.71,-155.08,78.8,3.36
fohnsdorf,97,AT,1573103540,100,47.21,14.68,45.0,2.24
saryg-sep,0,RU,1573103540,65,51.49,95.55,36.16,1.34
esperance,90,AU,1573103540,59,-33.86,121.89,66.2,16.11
provideniya,0,RU,1573103540,58,64.42,-173.23,30.2,11.18
karlshamn,99,SE,1573103541,82,56.17,14.86,33.8,2.24
constitucion,72,MX,1573103541,82,23.99,-104.67,60.01,1.99
upernavik,100,GL,1573103541,86,72.79,-56.15,23.97,4.41
souillac,71,FR,1573103541,93,45.6,-0.6,50.0,3.36
cap-aux-meules,67,CA,1573103542,60,47.38,-61.86,37.15,32.46
mataura,98,NZ,1573103542,90,-46.19,168.86,58.93,8.1
belmonte,82,PT,1573103542,73,40.36,-7.35,55.99,5.77
avarua,8,CK,1573103350,83,-21.21,-159.78,73.4,10.29
ribeira grande,99,PT,1573103542,84,38.52,-28.7,60.94,5.12
lorengau,94,PG,1573103543,69,-2.02,147.27,84.63,11.07
yellowknife,5,CA,1573103543,84,62.45,-114.38,9.0,3.36
inzer,100,RU,1573103543,92,54.22,57.56,37.94,9.57
sobolevo,58,RU,1573103543,92,54.43,31.9,41.95,9.22
fushun,0,CN,1573103544,25,41.89,123.95,39.2,6.71
ponta do sol,99,BR,1573103544,95,-20.63,-46.0,66.83,4.25
nakasongola,75,UG,1573103544,80,1.32,32.46,73.17,1.07
chapais,90,CA,1573103544,92,49.78,-74.86,17.6,3.36
hobart,75,AU,1573103545,62,-42.88,147.33,51.8,24.16
sur,0,OM,1573103545,51,22.57,59.53,82.76,11.48
ambulu,0,ID,1573103545,79,-8.35,113.61,78.26,11.83
camacha,40,PT,1573103545,82,33.08,-16.33,64.4,13.87
okhotsk,100,RU,1573103545,83,59.36,143.24,25.99,16.64
gigmoto,34,PH,1573103546,70,13.78,124.39,84.49,7.34
bayir,48,TR,1573103546,93,37.27,28.22,55.4,5.82
klaksvik,90,FO,1573103546,66,62.23,-6.59,35.6,16.11
naze,100,NG,1573103546,95,5.43,7.07,75.24,2.37
grahamstown,99,ZA,1573103547,87,-33.31,26.53,62.01,5.99
bingol,0,TR,1573103547,35,38.88,40.49,50.97,4.43
hasaki,75,JP,1573103547,53,35.73,140.83,72.0,10.29
ciudad bolivar,82,VE,1573103547,86,8.12,-63.55,75.69,6.53
etropole,20,BG,1573103548,71,42.83,24.0,55.4,6.93
tagusao,100,PH,1573103548,73,9.19,117.81,83.43,9.75
alofi,34,NU,1573103548,83,-19.06,-169.92,77.0,3.36
san patricio,82,PY,1573103549,97,-26.98,-56.83,70.0,4.47
yanam,100,IN,1573103549,70,16.73,82.22,84.2,6.93
saint george,77,GR,1573103549,87,39.45,22.34,53.6,6.93
vallenar,0,CL,1573103549,84,-28.58,-70.76,50.83,2.53
victoria,75,BN,1573103550,79,5.28,115.24,84.2,4.7
omsukchan,96,RU,1573103550,91,62.53,155.8,20.08,5.73
soloneshnoye,72,RU,1573103550,72,51.65,84.32,35.47,2.62
castrillon,75,ES,1573103550,81,43.4,-6.79,48.2,19.46
padang,24,ID,1573103551,60,-0.92,100.36,83.16,5.37
kahului,40,US,1573103551,65,20.89,-156.47,80.6,13.87
beausejour,90,CA,1573103551,78,50.06,-96.51,15.01,5.82
barrow,10,AR,1573103552,43,-38.31,-60.23,54.16,7.72
ayan,0,IR,1573103552,22,38.23,44.7,44.15,1.12
narsaq,84,GL,1573103537,32,60.91,-46.05,39.2,19.46
tazmalt,20,DZ,1573103553,81,36.39,4.4,51.8,11.41
hirara,75,JP,1573103553,78,24.8,125.28,78.8,12.75
tuktoyaktuk,90,CA,1573103554,85,69.44,-133.03,21.2,8.05
golden,90,US,1573103324,100,39.76,-105.22,32.0,6.93
pevek,77,RU,1573103562,68,69.7,170.27,28.17,9.1
agadir,0,MA,1573103562,81,30.42,-9.58,51.8,0.69
talnakh,75,RU,1573103563,85,69.49,88.39,14.0,15.66
whitehorse,90,CA,1573103565,79,60.72,-135.06,21.99,21.92
luanda,75,AO,1573103566,88,-8.83,13.24,77.0,4.7
sibolga,73,ID,1573103566,52,1.74,98.78,87.73,5.35
erenhot,0,CN,1573103568,29,43.65,111.97,39.06,5.66
mahanoro,51,MG,1573103568,62,-19.9,48.8,77.41,5.19
japura,63,ID,1573103570,38,-0.42,102.29,97.36,3.15
klodzko,32,PL,1573103570,84,50.43,16.66,44.01,1.01
kiunga,88,PG,1573103579,92,-6.12,141.3,81.93,3.11
susangerd,6,IR,1573103581,67,31.56,48.19,60.8,2.24
yelbarga,4,IN,1573103584,60,15.63,76.02,81.03,3.36
cherskiy,100,RU,1573103585,71,68.75,161.3,28.04,11.03
sao gabriel da cachoeira,94,BR,1573103633,98,-0.13,-67.09,73.45,1.7
half moon bay,90,US,1573103634,93,37.46,-122.43,57.2,5.82
sao filipe,24,CV,1573103481,81,14.9,-24.5,74.12,19.22
ossora,14,RU,1573103470,90,59.24,163.07,37.62,15.26
great bend,90,US,1573103636,64,38.36,-98.78,35.6,26.4
touros,40,BR,1573103636,94,-5.2,-35.46,71.6,4.7
acurenam,100,GA,1573103636,97,1.03,10.67,69.46,2.19
dingle,54,PH,1573103638,84,11.0,122.67,81.0,13.4
conceicao do araguaia,92,BR,1573103638,89,-8.26,-49.26,70.54,0.63
atambua,40,ID,1573103639,63,-9.11,124.89,82.54,5.77
lebu,20,ET,1573103639,66,8.96,38.73,53.6,8.05
tobermory,100,CA,1573103640,83,45.25,-81.67,28.0,13.35
san quintin,28,PH,1573103641,77,17.54,120.52,83.5,5.37
rocha,24,UY,1573103546,77,-34.48,-54.34,54.79,8.16
makakilo city,40,US,1573103641,83,21.35,-158.09,80.6,8.05
nikolskoye,100,RU,1573103641,79,59.7,30.79,25.0,8.95
snasa,99,NO,1573103643,94,64.25,12.38,16.12,5.17
taonan,0,CN,1573103643,22,45.34,122.78,39.25,9.04
hofn,89,IS,1573103644,78,64.25,-15.21,37.44,10.13
muscat,0,OM,1573103644,65,23.6,58.55,82.4,4.7
muros,20,ES,1573103645,93,42.77,-9.06,52.0,3.36
katsuura,75,JP,1573103646,55,33.93,134.5,68.0,4.7
novikovo,61,RU,1573103646,90,51.15,37.89,51.96,5.7
pouembout,1,NC,1573103647,52,-21.12,164.9,73.72,7.43
hithadhoo,95,MV,1573103648,69,-0.6,73.08,82.51,7.72
zhangye,0,CN,1573103649,31,38.94,100.46,55.62,3.98
san cristobal,100,HN,1573103471,97,14.68,-86.92,63.84,2.95
nalut,74,LY,1573103650,73,31.86,10.98,59.45,5.7
akhtubinsk,49,RU,1573103652,51,48.29,46.17,55.45,12.86
cam ranh,40,VN,1573103652,62,11.92,109.15,87.8,11.41
sabang,65,PH,1573103653,76,13.8,121.11,84.99,1.99
longyearbyen,20,NO,1573103656,66,78.22,15.63,12.2,4.7
manzanillo,75,MX,1573103599,82,19.05,-104.32,80.8,4.76
kerema,64,PG,1573103657,74,-7.96,145.78,82.67,6.44
presidente dutra,33,BR,1573103658,82,-5.29,-44.49,75.31,5.7
yumen,51,CN,1573103658,36,40.29,97.04,52.03,21.3
albuquerque,90,US,1573103658,100,35.08,-106.65,45.0,4.7
kpandae,19,GH,1573103659,80,8.46,-0.01,75.51,4.45
deer lake,90,CA,1573103659,66,49.18,-57.43,32.0,26.4
bethel,90,US,1573103660,90,60.79,-161.76,35.6,12.75
tiksi,94,RU,1573103660,99,71.64,128.87,-11.62,3.51
chuy,96,UY,1573103479,79,-33.69,-53.46,58.73,5.12
wamba,37,CD,1573103660,74,2.14,27.99,74.91,0.34
carmo do paranaiba,80,BR,1573103661,100,-19.0,-46.32,71.01,4.0
vestmannaeyjar,100,IS,1573103661,79,63.44,-20.27,39.72,14.54
east london,20,ZA,1573103661,72,-33.02,27.91,66.2,17.22
mocuba,7,MZ,1573103661,43,-16.84,36.99,89.22,5.03
lagoa,75,PT,1573103662,93,37.14,-8.45,61.0,3.36
tahoua,0,NE,1573103662,31,14.89,5.26,75.2,4.7
buala,90,SB,1573103662,70,-8.15,159.59,84.09,2.93
barranca,0,PE,1573103663,91,-10.75,-77.76,62.04,12.59
ikalamavony,33,MG,1573103663,32,-21.17,46.6,82.35,5.7
richards bay,21,ZA,1573103664,88,-28.77,32.06,72.64,20.67
minot,1,US,1573103664,77,48.23,-101.3,5.0,8.05
bilibino,100,RU,1573103664,75,68.06,166.44,19.02,3.98
zhanaozen,71,KZ,1573103666,31,43.35,52.85,44.28,16.11
houma,38,CN,1573103668,46,35.63,111.36,60.31,12.73
chokurdakh,99,RU,1573103668,95,70.62,147.9,10.92,1.05
flin flon,100,CA,1573103670,87,54.77,-101.88,12.56,5.3
vardo,1,US,1573103670,61,39.62,-77.74,48.2,8.05
atasu,95,KZ,1573103582,61,48.68,71.64,32.59,13.76
aguada de pasajeros,0,CU,1573103671,94,22.38,-80.85,75.2,5.82
nove mesto na morave,75,CZ,1573103671,100,49.56,16.07,45.0,2.24
shimoda,75,JP,1573103671,56,34.7,138.93,73.0,12.75
isangel,75,VU,1573103672,69,-19.55,169.27,82.4,11.41
port hardy,90,CA,1573103484,93,50.7,-127.42,46.4,3.36
verkhoyansk,100,RU,1573103672,98,67.55,133.39,-6.72,2.13
muradnagar,75,IN,1573103672,68,28.77,77.51,80.01,5.82
seoul,1,KR,1573103407,23,37.57,126.98,59.0,5.82
inuvik,90,CA,1573103673,66,68.36,-133.71,14.0,3.36
moron,1,HT,1573103673,77,18.56,-74.26,78.8,3.04
byron bay,0,AU,1573103673,44,-28.65,153.62,95.0,11.41
samarai,100,PG,1573103673,90,-10.62,150.67,78.96,6.4
progreso,53,UY,1573103673,67,-34.68,-56.22,66.0,6.93
myrtle beach,75,US,1573103420,82,33.7,-78.89,63.0,8.05
airai,40,TL,1573103674,47,-8.93,125.41,82.04,8.01
roma,40,IT,1573103593,81,41.89,12.48,54.0,6.93
mount gambier,90,AU,1573103661,93,-37.83,140.78,53.6,21.92
cap malheureux,40,MU,1573103674,73,-19.98,57.61,79.0,12.75
dungarvan,40,IE,1573103675,93,52.09,-7.62,42.01,12.75
yulara,0,AU,1573103675,5,-25.24,130.99,95.0,6.93
dikson,1,RU,1573103675,93,73.51,80.55,-11.48,12.44
tsumeb,40,NA,1573103676,56,-19.25,17.72,68.0,4.7
pepel,4,SL,1573103676,95,8.59,-13.06,73.83,1.28
hobyo,33,SO,1573103676,65,5.35,48.53,82.94,6.06
kostomuksha,100,RU,1573103676,96,64.59,30.6,13.06,3.04
port macquarie,40,AU,1573103438,23,-31.43,152.91,95.0,16.11
belaya gora,100,RU,1573103677,96,68.54,146.19,2.73,4.16
muisne,91,EC,1573103677,87,0.61,-80.02,74.07,6.76
doka,20,SD,1573103677,55,13.52,35.76,82.11,5.48
kavieng,100,PG,1573103677,76,-2.57,150.8,84.81,18.54
manokwari,99,ID,1573103512,76,-0.87,134.08,77.56,3.2
bima,37,ID,1573103678,49,-8.45,118.73,87.33,4.03
tocopilla,17,CL,1573103678,38,-22.09,-70.2,55.65,5.44
sisimiut,88,GL,1573103678,74,66.94,-53.67,18.37,8.37
viedma,96,AR,1573103678,41,-40.81,-62.99,57.06,16.13
salalah,0,OM,1573103679,50,17.01,54.1,78.8,2.24
hangu,75,PK,1573103679,72,33.53,71.06,59.0,6.93
san buenaventura,54,MX,1573103679,63,27.06,-101.55,75.0,1.01
coos bay,90,US,1573103679,100,43.37,-124.22,48.0,5.61
healdsburg,75,US,1573103679,100,38.61,-122.87,55.99,3.36
havre-saint-pierre,1,CA,1573103680,53,50.23,-63.6,24.8,23.04
mount isa,0,AU,1573103522,5,-20.73,139.49,96.8,6.93
gerede,87,TR,1573103680,56,40.8,32.2,55.51,5.53
gamba,1,CN,1573103681,29,28.28,88.52,35.96,5.61
kuusamo,90,FI,1573103681,91,65.96,29.19,3.2,1.12
hamilton,90,CA,1573103563,93,43.26,-79.87,42.01,5.82
athlone,99,IE,1573103682,93,53.42,-7.94,37.99,8.43
ishigaki,75,JP,1573103682,74,24.34,124.16,78.8,18.34
jieshi,74,CN,1573103682,47,22.82,115.83,79.0,3.0
haines junction,100,CA,1573103682,98,60.75,-137.51,31.82,8.52
uspenskoye,1,RU,1573103682,47,44.83,41.38,55.4,4.47
riosucio,40,CO,1573103683,88,5.42,-75.7,69.8,9.17
furano,75,JP,1573103683,100,43.28,142.47,33.8,9.17
vanimo,89,PG,1573103683,68,-2.67,141.3,83.71,6.64
biak,100,ID,1573103683,67,-0.91,122.88,83.26,14.32
geraldton,90,CA,1573103683,85,49.72,-86.95,14.0,13.87
pangody,100,RU,1573103684,92,65.85,74.49,9.45,3.98
ponta delgada,40,PT,1573103684,87,37.73,-25.67,59.0,3.36
ulladulla,0,AU,1573103471,21,-35.36,150.48,78.8,23.04
marawi,77,PH,1573103684,74,8.0,124.29,84.99,5.01
visnes,82,NO,1573103684,74,59.36,5.22,39.99,9.17
baculin,44,PH,1573103685,71,7.45,126.58,82.35,4.18
villacarrillo,94,ES,1573103685,78,38.12,-3.08,46.87,4.12
ust-tsilma,96,RU,1573103685,97,65.44,52.15,8.92,2.53
anchorage,90,US,1573103522,100,61.22,-149.89,37.99,6.93
vila velha,20,BR,1573103685,78,-3.71,-38.6,79.0,12.75
poquoson,1,US,1573103686,87,37.12,-76.35,46.4,5.39
bermeo,75,ES,1573103686,87,43.42,-2.72,53.6,18.34
kamenka,98,MD,1573103686,85,48.03,28.7,46.99,9.04
florida,0,UY,1573103687,78,-34.1,-56.21,54.73,8.55
santa fe,0,AR,1573103687,81,-31.62,-60.7,63.0,5.59
turukhansk,100,RU,1573103687,85,65.8,87.96,14.92,9.82
clyde river,90,CA,1573103688,92,70.47,-68.59,23.0,11.41
hami,99,CN,1573103618,21,42.84,93.51,58.5,9.95
morondava,11,MG,1573103688,37,-20.3,44.28,94.75,5.53
okakarara,30,NA,1573103688,33,-20.59,17.46,78.22,3.76
honghu,57,CN,1573103688,27,29.82,113.46,73.67,9.13
ust-kulom,99,RU,1573103689,93,61.69,53.69,14.11,5.26
ancud,77,CL,1573103480,87,-41.87,-73.83,41.65,4.0
tuatapere,62,NZ,1573103689,48,-46.13,167.69,61.66,7.4
krasnoslobodsk,100,RU,1573103689,75,54.42,43.79,51.96,19.53
veliko gradiste,100,RS,1573103689,82,44.76,21.52,59.0,14.99
saint anthony,1,US,1573103690,70,43.97,-111.68,33.01,8.05
black river,20,JM,1573103690,78,18.03,-77.85,82.4,5.82
diffa,0,NE,1573103690,21,13.32,12.61,77.99,8.14
fereydun kenar,0,IR,1573103690,87,36.69,52.52,51.8,2.24
kupang,75,ID,1573103691,79,-10.16,123.6,84.2,10.29
panaba,0,MX,1573103691,91,21.28,-88.27,74.86,5.82
henderson,1,US,1573103646,24,36.04,-114.98,64.4,9.17
snezhnogorsk,90,RU,1573103691,92,69.19,33.23,19.4,2.37
iqaluit,5,CA,1573103691,77,63.75,-68.52,5.0,8.05
storozhevaya,0,RU,1573103692,46,43.89,41.46,53.01,4.74
moerai,82,PF,1573103692,76,-22.43,-151.33,72.84,12.01
hoi an,75,VN,1573103692,54,15.88,108.33,84.2,6.93
bulgan,4,MN,1573103692,45,48.81,103.53,41.38,3.56
mabaruma,61,GY,1573103693,98,8.2,-59.78,72.81,1.61
rognan,99,NO,1573103693,68,67.1,15.4,25.0,17.22
wanaka,12,NZ,1573103693,81,-44.7,169.14,50.23,8.19
codrington,90,AU,1573103693,9,-28.95,153.24,95.0,4.7
jiaocheng,37,CN,1573103693,31,24.68,116.14,79.2,7.76
kozhva,100,RU,1573103547,98,65.11,57.05,4.89,4.27
staszow,87,PL,1573103694,1,50.56,21.17,42.01,2.66
port hedland,1,AU,1573103694,32,-20.31,118.58,98.6,17.22
sitka,100,US,1573103694,71,37.17,-99.65,34.0,11.99
cabo san lucas,90,MX,1573103695,74,22.89,-109.91,80.01,4.7
kieta,100,PG,1573103695,73,-6.22,155.63,83.19,5.46
corrientes,97,AR,1573103695,100,-27.47,-58.83,73.4,4.7
sao joao da barra,100,BR,1573103565,87,-21.64,-41.05,71.76,9.86
thompson,90,CA,1573103651,77,55.74,-97.86,5.0,4.74
pundaguitan,90,PH,1573103696,59,6.37,126.17,84.85,4.05
chimore,95,BO,1573103696,95,-16.98,-65.13,71.82,2.33
pangnirtung,92,CA,1573103696,71,66.15,-65.72,20.23,8.61
astana,75,KZ,1573103696,68,51.13,71.43,30.2,11.18
avera,1,US,1573103697,93,33.19,-82.53,60.8,4.7
korhogo,98,CI,1573103697,78,9.46,-5.63,72.88,3.31
sechura,14,PE,1573103697,91,-5.56,-80.82,62.51,6.58
oussouye,29,SN,1573103697,64,12.49,-16.54,75.79,5.08
bambous virieux,40,MU,1573103515,73,-20.34,57.76,79.0,12.75
burnie,82,AU,1573103698,62,-41.05,145.91,55.0,5.99
zhigansk,74,RU,1573103698,94,66.77,123.37,-17.27,14.72
cidreira,16,BR,1573103688,81,-30.17,-50.22,67.35,24.56
udachnyy,83,RU,1573103699,83,66.42,112.4,-9.41,2.24
arlit,0,NE,1573103699,16,18.74,7.39,80.19,10.36
sao jose da coroa grande,89,BR,1573103595,76,-8.9,-35.15,78.39,12.77
nizhnevartovsk,90,RU,1573103699,93,60.93,76.58,35.6,13.42
bubaque,23,GW,1573103700,70,11.28,-15.83,83.44,11.68
marzuq,0,YE,1573103700,24,14.4,46.47,75.94,7.09
tual,84,ID,1573103700,76,-5.67,132.75,81.66,1.43
port blair,93,IN,1573103509,82,11.67,92.75,82.87,16.06
inhambane,40,MZ,1573103482,88,-23.87,35.38,77.0,9.17
arraial do cabo,96,BR,1573103701,84,-22.97,-42.02,72.48,6.78
kudahuvadhoo,43,MV,1573103701,75,2.67,72.89,82.72,10.25
nemuro,75,JP,1573103702,45,43.32,145.57,48.2,9.17
mokrous,100,RU,1573103703,62,51.24,47.51,55.94,17.92
majene,26,ID,1573103703,52,-3.54,118.97,88.95,6.73
canton,90,US,1573103468,52,40.8,-81.38,46.99,6.98
mehamn,75,NO,1573103703,86,71.03,27.85,28.4,5.82
rorvik,100,NO,1573103704,77,64.86,11.24,30.0,3.0
karwar,69,IN,1573103704,76,14.8,74.13,82.44,7.72
pingliang,16,CN,1573103704,58,35.54,106.68,48.07,12.28
gangapur,22,IN,1573103704,59,19.7,75.01,83.59,8.19
aykhal,46,RU,1573103705,83,65.95,111.51,-9.41,2.24
nantucket,1,US,1573103705,53,41.28,-70.1,39.2,3.27
kruisfontein,74,ZA,1573103705,64,-34.0,24.73,59.79,27.69
leningradskiy,34,RU,1573103706,87,69.38,178.42,18.68,17.85
puerto escondido,5,MX,1573103626,78,15.86,-97.07,78.8,5.82
la ligua,0,CL,1573103706,81,-32.45,-71.23,53.6,4.47
coihaique,11,CL,1573103707,56,-45.58,-72.07,42.8,4.7
anadyr,0,RU,1573103707,92,64.73,177.51,14.0,4.47
charyshskoye,83,RU,1573103707,65,51.4,83.56,34.79,2.04
opuwo,53,NA,1573103707,19,-18.06,13.84,77.4,16.13
rawson,17,AR,1573103707,51,-43.3,-65.11,51.91,28.83
las margaritas,64,MX,1573103708,99,16.32,-91.98,58.24,2.39
kilifi,33,KE,1573103708,81,-3.63,39.85,80.38,9.24
eldorado,92,BR,1573103709,96,-24.52,-48.11,64.67,0.98
pailon,75,BO,1573103709,94,-17.66,-62.72,73.4,3.36
lukovetskiy,90,RU,1573103709,100,64.29,41.92,23.0,2.24
pacific grove,90,US,1573103710,81,36.62,-121.92,55.99,7.92
taywarah,0,AF,1573103710,20,33.35,64.42,36.55,4.47
havoysund,75,NO,1573103710,86,71.0,24.66,28.4,5.82
berlevag,99,NO,1573103602,67,70.86,29.09,32.77,11.59
nuevitas,10,CU,1573103711,94,21.55,-77.27,77.0,6.93
lata,100,IN,1573103711,81,30.78,78.62,26.71,7.52
kankaanpaa,75,FI,1573103711,85,61.8,22.42,19.0,4.7
poum,75,MK,1573103521,87,41.28,20.71,51.8,2.24
walvis bay,88,NA,1573103712,87,-22.95,14.51,64.99,4.7
ballina,77,IE,1573103712,92,54.11,-9.15,43.0,5.99
khani,0,GE,1573103589,76,41.96,42.96,48.2,4.7
severo-kurilsk,31,RU,1573103517,85,50.68,156.12,32.97,3.47
grand forks,90,US,1573103713,78,47.91,-97.06,14.0,5.82
tazovskiy,93,RU,1573103713,95,67.47,78.7,2.89,5.57
abapo,60,BO,1573103714,69,-18.83,-63.47,70.3,4.05
necochea,8,AR,1573103714,66,-38.55,-58.74,69.01,10.0
robertsport,17,LR,1573103714,81,6.75,-11.37,81.61,8.84
ingraj bazar,99,IN,1573103716,44,25.0,88.15,82.58,5.35
san jose de ocoa,31,DO,1573103716,90,18.55,-70.5,66.9,6.85
tautira,20,PF,1573103717,62,-17.73,-149.15,84.2,3.36
san jose,99,HN,1573103575,89,14.25,-87.96,62.67,8.01
green river,90,US,1573103718,85,41.53,-109.47,33.01,9.17
kharsawan,51,IN,1573103721,60,22.8,85.83,75.2,3.36
namibe,52,AO,1573103681,85,-15.19,12.15,74.98,15.23
taoudenni,0,ML,1573103730,30,22.68,-3.98,66.4,3.58
dickinson,1,US,1573103730,77,46.88,-102.79,-0.41,3.36
komsomolskiy,88,RU,1573103731,96,67.55,63.78,6.13,6.55
broome,95,GB,1573103731,81,52.47,1.45,51.01,9.17
gallup,75,US,1573103570,93,35.53,-108.74,42.8,5.46
nueve de julio,0,AR,1573103732,49,-31.67,-68.39,71.46,6.91
bongaree,0,AU,1573103734,37,-27.08,153.16,98.01,17.22
saint-joseph,16,FR,1573103562,81,43.56,6.97,53.01,3.36
general roca,72,AR,1573103679,36,-39.03,-67.58,64.4,10.29
lodja,98,CD,1573103736,84,-3.52,23.6,74.73,2.91
cayenne,75,GF,1573103736,94,4.94,-52.33,78.8,2.24
labuhan,100,ID,1573103737,40,-2.54,115.51,93.4,2.1
ahipara,50,NZ,1573103737,80,-35.17,173.16,71.01,12.28
lisakovsk,67,KZ,1573103737,51,52.55,62.49,37.15,18.97
teguise,22,ES,1573103741,72,29.06,-13.56,66.2,11.41
bouna,0,CI,1573103741,76,9.27,-3.0,73.87,3.53
kokopo,100,PG,1573103520,77,-4.34,152.27,84.18,18.68
bilma,18,NE,1573103743,19,18.69,12.92,76.24,6.24
oranjemund,1,ZA,1573103743,62,-28.55,16.43,61.75,13.73
riyadh,32,SA,1573103744,45,24.63,46.72,66.2,2.24
praia da vitoria,40,PT,1573103744,93,38.73,-27.07,62.6,5.7
caravelas,47,BR,1573103682,88,-17.73,-39.27,74.1,3.13
mehran,0,IR,1573103744,21,33.12,46.17,51.8,6.93
nurota,0,UZ,1573103746,60,40.56,65.69,42.8,13.87
taitung,75,TW,1573103628,65,22.76,121.15,78.8,12.75
saint-pierre,97,FR,1573103516,93,48.95,4.24,48.2,16.11
klyuchevskiy,91,RU,1573103748,64,53.53,119.45,17.22,6.93
pimentel,88,BR,1573103551,88,-3.7,-45.5,74.48,2.86
adre,0,TD,1573103749,22,13.47,22.2,71.6,12.1
meadow lake,14,CA,1573103751,93,54.13,-108.44,8.6,5.68
sinnamary,94,GF,1573103752,87,5.38,-52.96,78.51,21.05
banyo,0,CM,1573103753,78,6.75,11.81,68.18,1.03
kirovsk,33,RU,1573103756,84,67.62,33.66,10.0,1.39
shingu,75,JP,1573103758,59,33.72,135.99,66.2,2.24
cabedelo,75,BR,1573103759,94,-6.97,-34.84,73.4,5.82
piranhas,50,BR,1573103760,88,-16.43,-51.82,70.75,2.04
adrar,0,DZ,1573103607,41,27.87,-0.29,57.2,11.41
rumoi,75,JP,1573103760,100,43.93,141.67,33.8,9.17
lardos,20,GR,1573103761,93,36.09,28.02,66.0,2.24
carnarvon,19,ZA,1573103528,41,-30.97,22.13,52.34,13.15
pangoa,23,PE,1573103763,92,-12.12,-73.0,68.43,2.95
coquimbo,0,CL,1573103703,89,-29.95,-71.34,56.73,2.42
ternate,75,PH,1573103764,62,14.29,120.72,89.6,5.82
grafton,0,AU,1573103720,8,-29.69,152.93,98.01,12.75
bizhbulyak,100,RU,1573103768,91,53.69,54.27,37.36,18.12
egvekinot,42,RU,1573103769,95,66.32,-179.17,9.54,11.61
luderitz,4,NA,1573103674,76,-26.65,15.16,57.2,13.87
coahuayana,17,MX,1573103780,88,18.62,-100.35,70.83,1.95
sibut,79,CF,1573103781,85,5.73,19.09,74.88,1.03
pueblo nuevo,0,AR,1573103781,46,-32.93,-68.73,69.8,4.7
mollendo,93,PE,1573103782,90,-17.03,-72.02,59.14,7.18
faanui,2,PF,1573103782,81,-16.48,-151.75,80.89,17.58
sayyan,20,YE,1573103782,33,15.17,44.32,59.86,11.59
raudeberg,53,NO,1573103783,86,61.99,5.14,34.0,8.05
blagoyevo,2,RU,1573103783,96,63.37,47.92,12.94,3.91
america dourada,36,BR,1573103783,72,-11.46,-41.44,68.79,6.62
bien hoa,75,VN,1573103636,59,10.95,106.82,89.6,3.36
itarema,70,BR,1573103783,75,-2.92,-39.92,78.75,8.95
kalmunai,84,LK,1573103784,76,7.42,81.82,80.74,2.57
srednekolymsk,100,RU,1573103784,93,67.46,153.71,8.44,1.39
hervey bay,0,AU,1573103784,45,-25.3,152.85,84.2,17.22
quatre cocos,40,MU,1573103604,73,-20.21,57.76,79.0,12.75
rock sound,33,BS,1573103785,84,24.9,-76.2,79.39,16.96
dorado,40,PR,1573103785,88,18.46,-66.27,80.01,8.05
rio gallegos,27,AR,1573103785,64,-51.62,-69.22,37.4,34.45
vestmanna,89,FO,1573103623,73,62.16,-7.17,35.6,16.11
kyzyl-mazhalyk,72,RU,1573103786,55,51.15,90.58,34.12,2.3
banka,63,IN,1573103786,39,24.88,86.92,82.09,4.47
ust-kuyga,100,RU,1573103713,97,70.0,135.55,-4.87,4.14
mildura,40,AU,1573103786,31,-34.18,142.16,73.99,16.11
saldanha,24,PT,1573103787,84,41.42,-6.55,41.36,8.05
mulege,100,MX,1573103734,65,26.88,-111.98,75.47,1.72
otane,84,NZ,1573103788,66,-39.89,176.62,72.0,1.01
bakel,27,SN,1573103788,27,14.9,-12.46,78.21,3.98
tura,45,RU,1573103788,94,64.27,100.22,-1.95,2.55
phatthalung,20,TH,1573103634,79,7.62,100.08,84.2,4.7
clarence town,0,AU,1573103788,9,-32.59,151.78,91.4,25.28
xining,2,CN,1573103780,47,36.62,101.77,44.47,4.18
college,90,US,1573103789,85,64.86,-147.8,24.8,5.12
ketchikan,90,US,1573103789,100,55.34,-131.65,48.2,8.05
masuguru,86,MZ,1573103789,49,-11.38,38.46,87.62,3.94
chicama,67,PE,1573103790,82,-7.84,-79.15,62.6,8.05
broken hill,0,AU,1573103790,25,-31.97,141.45,75.2,14.99
aksu,90,KZ,1573103790,80,52.04,76.93,35.6,13.42
nyagan,98,RU,1573103790,92,62.14,65.43,19.71,8.16
tevaitoa,0,PF,1573103790,81,-16.78,-151.5,80.65,16.58
keetmanshoop,59,NA,1573103791,58,-26.57,18.15,57.2,6.93
zhuhai,0,CN,1573103791,23,40.71,112.04,48.2,2.24
emborion,100,GR,1573103791,93,40.48,21.55,57.0,3.36
namatanai,87,PG,1573103791,78,-3.66,152.44,83.75,20.13
svetlaya,0,RU,1573103792,45,46.54,138.33,30.24,22.84
kaeo,44,NZ,1573103792,79,-35.1,173.78,71.01,8.23
luba,28,PH,1573103603,77,17.32,120.7,83.5,5.37
san fernando,20,TT,1573103792,94,10.28,-61.46,78.8,13.35
gerash,0,IR,1573103792,41,27.67,54.14,59.0,2.46
andros town,20,BS,1573103793,78,24.73,-77.79,80.6,11.41
yenagoa,100,NG,1573103793,95,4.92,6.26,76.71,1.59
inta,100,RU,1573103793,95,66.04,60.13,7.79,3.76
sioux lookout,90,CA,1573103793,78,50.1,-91.92,12.2,6.93
rodeo,88,MX,1573103794,77,25.18,-104.56,61.63,2.13
vostok,100,RU,1573103794,81,46.45,135.83,12.36,13.56
zhangjiakou,0,CN,1573103794,19,40.77,114.88,39.65,4.21
killarney,0,AU,1573103794,12,-28.34,152.3,84.0,1.01
ugento,100,IT,1573103795,78,39.93,18.16,60.01,1.01
novosokolniki,98,RU,1573103795,97,56.35,30.15,35.94,3.71
salimpur,65,IN,1573103795,28,28.13,76.28,82.78,8.79
kodinar,100,IN,1573103795,70,20.79,70.7,82.22,15.23
paamiut,93,GL,1573103796,49,61.99,-49.67,32.79,10.13
mandalgovi,4,MN,1573103796,38,45.76,106.27,41.56,12.24
corrales,96,CO,1573103796,96,5.83,-72.84,44.55,3.98
san andres,21,PH,1573103797,71,13.32,122.68,84.15,12.66
sarankhola,71,BD,1573103797,51,22.31,89.79,85.64,8.48
boa vista,83,BR,1573103797,69,2.82,-60.67,80.6,6.93
champerico,5,MX,1573103797,83,16.38,-93.6,71.6,5.82
goodyear,1,US,1573103798,42,33.44,-112.36,73.99,1.14
varna,40,BG,1573103798,93,43.22,27.9,59.0,5.82
fortuna,90,US,1573103798,100,40.6,-124.16,48.99,3.36
the valley,20,AI,1573103520,74,18.22,-63.06,82.4,13.87
rocky mountain house,50,CA,1573103708,91,52.38,-114.92,19.99,4.56
sai buri,75,TH,1573103799,74,6.7,101.62,84.2,5.82
victoria falls,0,ZW,1573103800,22,-17.93,25.84,83.01,4.5
lavrentiya,7,RU,1573103800,81,65.58,-170.99,27.25,15.77
nelson bay,0,AU,1573103800,9,-32.72,152.14,91.4,25.28
burdur,0,TR,1573103800,87,37.72,30.29,42.8,4.7
bonnyville,75,CA,1573103708,85,54.27,-110.74,10.4,2.24
bay roberts,20,CA,1573103801,69,47.58,-53.28,41.0,28.86
loreto,58,PY,1573103801,98,-23.27,-57.32,73.2,2.64
guerrero negro,100,MX,1573103801,91,27.97,-114.04,63.0,7.16
shamary,100,RU,1573103802,94,57.34,58.22,40.68,13.13
martapura,40,ID,1573103802,46,-3.41,114.85,93.2,5.82
awjilah,0,LY,1573103802,41,29.14,21.3,68.97,15.3
kaitangata,58,NZ,1573103802,91,-46.28,169.85,54.0,7.0
melfi,75,IT,1573103802,86,41.0,15.66,55.4,6.93
koltsovo,100,RU,1573103803,59,54.94,83.19,35.6,17.9
cosenza,40,IT,1573103803,100,39.31,16.25,57.2,3.36
oktyabrskiy,75,RU,1573103803,86,55.61,37.97,41.0,15.66
portland,75,US,1573103403,59,43.66,-70.25,37.99,3.36
moa,22,CU,1573103803,98,20.66,-74.95,70.12,3.15
mandali,0,IQ,1573103804,21,33.75,45.55,72.27,10.2
charters towers,19,AU,1573103804,22,-20.07,146.27,93.04,16.58
kulhudhuffushi,87,MV,1573103804,77,6.62,73.07,82.56,10.8
ayr,33,AU,1573103804,55,-19.58,147.4,82.99,3.0
vakhtan,100,RU,1573103804,97,57.97,46.69,35.89,10.47
lakes entrance,99,AU,1573103744,39,-37.88,147.99,70.0,7.0
bullas,35,ES,1573103805,77,38.05,-1.67,52.0,1.01
natchitoches,1,US,1573103805,100,31.76,-93.09,55.99,4.16
hambantota,75,LK,1573103805,83,6.12,81.12,84.2,8.05
san rafael del sur,40,NI,1573103805,83,11.85,-86.44,77.0,4.7
namtsy,100,RU,1573103806,64,62.72,129.66,1.4,4.47
paita,33,PE,1573103787,82,-5.09,-81.11,64.51,6.64
egersund,75,NO,1573103806,61,58.45,6.0,34.0,6.93
along,0,IN,1573103806,42,28.17,94.8,80.6,2.82
menongue,91,AO,1573103807,80,-14.66,17.68,66.27,7.29
san carlos,100,NI,1573103807,1,11.12,-84.78,72.0,14.0
ailigandi,99,PA,1573103807,98,9.23,-78.02,73.26,0.25
imatra,75,FI,1573103807,92,61.17,28.77,23.0,9.17
illela,6,NG,1573103808,34,12.25,4.3,75.27,5.26
uporovo,98,RU,1573103808,91,56.31,66.27,39.0,14.72
los llanos de aridane,75,ES,1573103808,77,28.66,-17.92,68.0,11.41
sergeyevka,93,KZ,1573103808,62,53.88,67.42,36.52,17.96
altay,100,CN,1573103809,98,47.83,88.13,26.67,5.26
eberbach,75,DE,1573103809,87,49.46,8.99,48.2,4.7
kodinsk,100,RU,1573103809,92,58.6,99.18,29.43,5.3
maun,0,BW,1573103809,36,-19.99,23.42,77.0,6.93
fukue,75,JP,1573103809,59,35.03,136.69,68.0,4.7
banamba,0,ML,1573103810,42,13.55,-7.45,75.6,5.23
wynyard,71,AU,1573103810,62,-40.99,145.73,54.0,5.99
lebanon,1,US,1573103810,74,40.34,-76.42,46.0,2.98
saint-augustin,90,CA,1573103810,97,45.63,-73.98,36.0,9.17
nome,1,US,1573103811,93,30.04,-94.42,63.0,3.51
gladstone,0,AU,1573103684,45,-23.84,151.26,86.0,14.99
behbahan,0,IR,1573103811,32,30.59,50.24,68.0,5.26
itacare,20,BR,1573103811,83,-14.28,-39.0,78.8,2.24
muroto,75,JP,1573103811,52,33.37,134.14,68.0,1.12
laguna,20,BZ,1573103775,94,16.17,-88.94,75.2,4.7
jiazi,81,CN,1573103812,57,19.61,110.49,80.6,13.42
san juan del sur,96,NI,1573103812,75,11.25,-85.87,80.49,22.88
marystown,2,CA,1573103813,2,47.17,-55.16,42.01,20.0
mikumi,86,TZ,1573103813,68,-7.4,36.98,78.08,2.93
darjiling,35,IN,1573103813,49,27.03,88.27,77.88,4.85
vancouver,40,CA,1573103330,100,49.26,-123.12,48.2,6.93
gazanjyk,91,TM,1573103814,17,39.24,55.52,60.31,3.49
la ronge,90,CA,1573103814,72,55.1,-105.3,12.2,4.7
pemberton,50,AU,1573103814,44,-34.44,116.03,80.01,7.0
contamana,52,PE,1573103815,98,-7.35,-75.01,72.48,0.54
ramna,100,RO,1573103815,82,45.44,21.69,59.0,14.99
virginia beach,1,US,1573103670,93,36.85,-75.98,46.4,9.06
atherton,0,AU,1573103815,55,-17.27,145.48,90.0,13.87
dunedin,82,NZ,1573103815,78,-45.87,170.5,59.0,13.0
bilgoraj,90,PL,1573103816,100,50.54,22.72,37.0,3.36
